﻿<?xml version="1.0" encoding="UTF-8"?>
<beans xmlns="http://www.springframework.org/schema/beans"
	xmlns:xsi="http://www.w3.org/2001/XMLSchema-instance" xmlns:context="http://www.springframework.org/schema/context"
	xmlns:aop="http://www.springframework.org/schema/aop" xmlns:tx="http://www.springframework.org/schema/tx"
	xsi:schemaLocation="http://www.springframework.org/schema/beans
		http://www.springframework.org/schema/beans/spring-beans-2.5.xsd
		http://www.springframework.org/schema/aop 
		http://www.springframework.org/schema/aop/spring-aop-2.5.xsd
        http://www.springframework.org/schema/tx 
        http://www.springframework.org/schema/tx/spring-tx-2.5.xsd
		http://www.springframework.org/schema/context
		http://www.springframework.org/schema/context/spring-context-2.5.xsd">


	<!-- 定义使用dbcp连接池的数据源 -->
	<bean id="dataSource" class="org.apache.commons.dbcp2.BasicDataSource"
		destroy-method="close">
		<!-- 指定连接数据库的JDBC驱动 -->
		<property name="driverClassName">
			<value>com.mysql.jdbc.Driver</value>
		</property>
		<!-- 连接数据库所用的URL -->
		<property name="url">
			<value>jdbc:mysql://localhost:3306/zf?autoReconnect=true&amp;useUnicode=true&amp;characterEncoding=utf8&amp;useSSL=false&amp;zeroDateTimeBehavior=round</value>
		</property>
		<!-- 连接数据库的用户名 -->
		<property name="username">
			<value>root</value>
		</property>
		<!-- 连接数据库的密码 -->
		<property name="password">
			<value>root</value>
		</property>
		<!--initialSize: 初始化连接 -->
		<property name="initialSize" value="5" />
		<!--maxIdle: 最大空闲连接 -->
		<property name="maxIdle" value="10" />
		<!--minIdle: 最小空闲连接 -->
		<property name="minIdle" value="5" />
		<property name="validationQuery">
			<value>SELECT 1</value>
		</property>
		<property name="testOnBorrow">
			<value>true</value>
		</property>
	</bean>



	<bean id="jdbcTemplate" class="org.springframework.jdbc.core.JdbcTemplate">
		<property name="dataSource">
            <ref bean="dataSource"/>
		</property>
	</bean>

</beans>